{
  "K=2": {
    "RMSE": 0.20372844947195012,
    "RT": 10.0,
    "FPR": 0.0
  },
  "K=3": {
    "RMSE": 0.20372844947195012,
    "RT": 10.0,
    "FPR": 0.0
  },
  "K=4": {
    "RMSE": 0.20372844947195012,
    "RT": 10.0,
    "FPR": 0.0
  },
  "K=5": {
    "RMSE": 0.20372844947195012,
    "RT": 10.0,
    "FPR": 0.0
  }
}