{
  "Variance-Trigger": {
    "RMSE": {
      "mean": 1.5508093352908875e-16,
      "std": 8.861767630233643e-17
    },
    "RT": {
      "mean": 0.0,
      "std": 0.0
    },
    "FPR": {
      "mean": 0.0,
      "std": 0.0
    }
  },
  "Bayesian-Trigger (K=1)": {
    "RMSE": {
      "mean": 1.5508093352908875e-16,
      "std": 8.861767630233643e-17
    },
    "RT": {
      "mean": 0.0,
      "std": 0.0
    },
    "FPR": {
      "mean": 0.0,
      "std": 0.0
    }
  },
  "HCA (K=2)": {
    "RMSE": {
      "mean": 1.5508093352908875e-16,
      "std": 8.861767630233643e-17
    },
    "RT": {
      "mean": 0.0,
      "std": 0.0
    },
    "FPR": {
      "mean": 0.0,
      "std": 0.0
    }
  },
  "HCA (K=3)": {
    "RMSE": {
      "mean": 1.5508093352908875e-16,
      "std": 8.861767630233643e-17
    },
    "RT": {
      "mean": 0.0,
      "std": 0.0
    },
    "FPR": {
      "mean": 0.0,
      "std": 0.0
    }
  },
  "HCA (K=5)": {
    "RMSE": {
      "mean": 1.5508093352908875e-16,
      "std": 8.861767630233643e-17
    },
    "RT": {
      "mean": 0.0,
      "std": 0.0
    },
    "FPR": {
      "mean": 0.0,
      "std": 0.0
    }
  }
}