{
  "Standard": {
    "MAE": {
      "mean": 0.12657195773104288,
      "std": 0.0
    },
    "RMSE": {
      "mean": 0.3809134539776424,
      "std": 0.0
    },
    "RT": {
      "mean": 29.0,
      "std": 0.0
    },
    "ATE": {
      "mean": 49.0578721027342,
      "std": 0.0
    }
  },
  "Variance-Trigger": {
    "MAE": {
      "mean": 0.08698122033159701,
      "std": 0.0
    },
    "RMSE": {
      "mean": 0.18454199737592694,
      "std": 0.0
    },
    "RT": {
      "mean": 10.0,
      "std": 0.0
    },
    "ATE": {
      "mean": 10.009399449150784,
      "std": 0.0
    }
  },
  "Credal-TTA": {
    "MAE": {
      "mean": 0.09065891597794228,
      "std": 0.0
    },
    "RMSE": {
      "mean": 0.18639599162667184,
      "std": 0.0
    },
    "RT": {
      "mean": 10.0,
      "std": 0.0
    },
    "ATE": {
      "mean": 10.895082880272604,
      "std": 0.0
    }
  }
}