{
  "Standard": {
    "MAE": {
      "mean": 0.1207478841968895,
      "std": 0.0
    },
    "RMSE": {
      "mean": 0.1820342980499422,
      "std": 0.0
    },
    "RT": {
      "mean": 40.0,
      "std": 0.0
    },
    "ATE": {
      "mean": 24.626849705232146,
      "std": 0.0
    }
  },
  "Variance-Trigger": {
    "MAE": {
      "mean": 0.11980188988760446,
      "std": 0.0
    },
    "RMSE": {
      "mean": 0.18128286575316732,
      "std": 0.0
    },
    "RT": {
      "mean": 40.0,
      "std": 0.0
    },
    "ATE": {
      "mean": 24.961586313243387,
      "std": 0.0
    }
  },
  "Credal-TTA": {
    "MAE": {
      "mean": 0.13448485534006852,
      "std": 0.0
    },
    "RMSE": {
      "mean": 0.20306937955567436,
      "std": 0.0
    },
    "RT": {
      "mean": 23.0,
      "std": 0.0
    },
    "ATE": {
      "mean": 20.718106520163087,
      "std": 0.0
    }
  }
}