{
  "Standard": {
    "MAE": {
      "mean": 56.73124763734881,
      "std": 0.0
    },
    "MAPE": {
      "mean": 2.026673389220715,
      "std": 0.0
    },
    "RT": {
      "mean": 16.0,
      "std": 0.0
    },
    "ATE": {
      "mean": 3995.2407226562514,
      "std": 0.0
    }
  },
  "Variance-Trigger": {
    "MAE": {
      "mean": 60.05289220010083,
      "std": 0.0
    },
    "MAPE": {
      "mean": 2.1319025806637653,
      "std": 0.0
    },
    "RT": {
      "mean": 11.0,
      "std": 0.0
    },
    "ATE": {
      "mean": 4147.808427734376,
      "std": 0.0
    }
  },
  "ADWIN": {
    "MAE": {
      "mean": 57.651994235131056,
      "std": 0.0
    },
    "MAPE": {
      "mean": 2.0497198535762307,
      "std": 0.0
    },
    "RT": {
      "mean": 16.0,
      "std": 0.0
    },
    "ATE": {
      "mean": 4057.9617382812507,
      "std": 0.0
    }
  },
  "Credal-TTA": {
    "MAE": {
      "mean": 53.67022185294861,
      "std": 0.0
    },
    "MAPE": {
      "mean": 1.9127230133710533,
      "std": 0.0
    },
    "RT": {
      "mean": 16.0,
      "std": 0.0
    },
    "ATE": {
      "mean": 3814.6698144531265,
      "std": 0.0
    }
  }
}