{
  "Standard": {
    "MAE": {
      "mean": 0.33778040454288255,
      "std": 0.0
    },
    "RMSE": {
      "mean": 0.7014700211122236,
      "std": 0.0
    },
    "MAPE": {
      "mean": 113.84082625295564,
      "std": 0.0
    },
    "RT": {
      "mean": 18.333333333333332,
      "std": 0.0
    }
  },
  "Variance-Trigger": {
    "MAE": {
      "mean": 0.3390496927125344,
      "std": 0.0
    },
    "RMSE": {
      "mean": 0.7048139923846901,
      "std": 0.0
    },
    "MAPE": {
      "mean": 114.17241625261654,
      "std": 0.0
    },
    "RT": {
      "mean": 12.333333333333334,
      "std": 0.0
    }
  },
  "ADWIN": {
    "MAE": {
      "mean": 0.3382873138066647,
      "std": 0.0
    },
    "RMSE": {
      "mean": 0.7047851649945809,
      "std": 0.0
    },
    "MAPE": {
      "mean": 112.99533979208782,
      "std": 0.0
    },
    "RT": {
      "mean": 12.333333333333334,
      "std": 0.0
    }
  },
  "KSWIN": {
    "MAE": {
      "mean": 0.3675061919769484,
      "std": 0.0
    },
    "RMSE": {
      "mean": 0.7331837818527918,
      "std": 0.0
    },
    "MAPE": {
      "mean": 122.1529955455071,
      "std": 0.0
    },
    "RT": {
      "mean": 12.333333333333334,
      "std": 0.0
    }
  },
  "Credal-TTA": {
    "MAE": {
      "mean": 0.34883697488377463,
      "std": 0.0
    },
    "RMSE": {
      "mean": 0.7156312182707919,
      "std": 0.0
    },
    "MAPE": {
      "mean": 120.02940832161615,
      "std": 0.0
    },
    "RT": {
      "mean": 19.333333333333332,
      "std": 0.0
    }
  }
}