{
  "Standard": {
    "MAE": {
      "mean": 1499.3568653150828,
      "std": 0.0
    },
    "MAPE": {
      "mean": 3.6328926652873705,
      "std": 0.0
    },
    "RT": {
      "mean": 0.0,
      "std": 0.0
    },
    "ATE": {
      "mean": 0.0,
      "std": 0.0
    }
  },
  "Variance-Trigger": {
    "MAE": {
      "mean": 1473.9759297520663,
      "std": 0.0
    },
    "MAPE": {
      "mean": 3.5503590440479793,
      "std": 0.0
    },
    "RT": {
      "mean": 0.0,
      "std": 0.0
    },
    "ATE": {
      "mean": 0.0,
      "std": 0.0
    }
  },
  "ADWIN": {
    "MAE": {
      "mean": 1466.607487732438,
      "std": 0.0
    },
    "MAPE": {
      "mean": 3.531941086749936,
      "std": 0.0
    },
    "RT": {
      "mean": 0.0,
      "std": 0.0
    },
    "ATE": {
      "mean": 0.0,
      "std": 0.0
    }
  },
  "Credal-TTA": {
    "MAE": {
      "mean": 1430.9332780216944,
      "std": 0.0
    },
    "MAPE": {
      "mean": 3.4319912306542038,
      "std": 0.0
    },
    "RT": {
      "mean": 0.0,
      "std": 0.0
    },
    "ATE": {
      "mean": 0.0,
      "std": 0.0
    }
  }
}